SampleIndex,Amplitude
0,-0.03890
1,0.96443
2,1.19564
3,0.92962
4,0.21443
5,0.04814
6,0.17887
7,0.84162
8,1.24531
9,0.85993
10,-0.04616
11,-0.88650
12,-1.29183
13,-0.89229
14,-0.26405
15,0.01137
16,-0.25624
17,-0.93975
18,-1.17212
19,-0.80857
20,0.02038
21,1.02591
22,1.37901
23,0.90801
24,0.31000
25,0.07560
26,0.22413
27,0.76968
28,1.03717
29,0.58320
30,-0.27923
31,-1.01982
32,-1.40644
33,-0.94033
34,-0.36071
35,0.01926
36,-0.08245
37,-0.61353
38,-0.87531
39,-0.43632
40,0.41792
41,1.18197
42,1.47683
43,1.10434
44,0.33008
45,-0.18845
46,0.00817
47,0.49944
48,0.65379
49,0.30598
50,-0.62880
51,-1.35602
52,-1.63465
53,-1.00096
54,-0.18017
55,0.27264
56,0.40748
57,-0.25229
58,-0.44090
59,-0.07793
60,0.74025
61,1.38901
62,1.47240
63,0.93157
64,0.03883
65,-0.55088
66,-0.56128
67,-0.09122
68,0.13910
69,-0.05159
70,-0.74560
71,-1.39154
72,-1.36192
73,-0.71151
74,0.33489
75,0.94221
76,0.91867
77,0.47585
78,0.04519
79,0.13489
80,0.79874
81,1.20080
82,1.09166
83,0.27947
84,-0.76941
85,-1.28123
86,-1.20450
87,-0.53366
88,-0.09371
89,-0.01875
90,-0.37786
91,-0.71605
92,-0.62576
93,0.25029
94,1.12971
95,1.54353
96,1.28380
97,0.53249
98,-0.21919
99,-0.39369
100,0.04911
101,0.38623
102,0.23796
103,-0.46017
104,-1.28326
105,-1.59057
106,-1.05217
107,-0.13537
108,0.63171
109,0.92422
110,0.52589
111,0.09486
112,0.04370
113,0.50619
114,1.01365
115,1.19226
116,0.56173
117,-0.51755
118,-1.18935
119,-1.36500
120,-0.82457
121,-0.09584
122,0.14981
123,-0.23364
124,-0.61257
125,-0.60949
126,0.03023
127,0.93217
128,1.62234
129,1.40171
130,0.62881
131,-0.24802
132,-0.71923
133,-0.43563
134,0.04894
135,0.12248
136,-0.27826
137,-1.01740
138,-1.43654
139,-1.04543
140,-0.12224
141,0.81764
142,1.25449
143,0.93783
144,0.23465
145,0.00463
146,0.11785
147,0.53187
148,0.78514
149,0.37067
150,-0.56025
151,-1.42291
152,-1.60154
153,-0.95471
154,-0.10985
155,0.62026
156,0.60685
157,0.17747
158,-0.09951
159,0.12596
160,0.81606
161,1.42678
162,1.24713
163,0.36117
164,-0.71661
165,-1.35410
166,-1.13343
167,-0.49648
168,0.06062
169,0.15625
170,-0.35317
171,-0.53201
172,-0.42319
173,0.34770
174,1.19633
175,1.58480
176,1.17982
177,0.15381
178,-0.68362
179,-0.96409
180,-0.56726
181,-0.06025
182,-0.06530
183,-0.46351
184,-0.95362
185,-0.97944
186,-0.24609
187,0.68217
188,1.37968
189,1.48051
190,0.86061
191,-0.13167
192,-0.44842
193,-0.24108
194,0.03537
195,0.12631
196,-0.40533
197,-1.05078
198,-1.33028
199,-0.92353
200,0.03489
201,0.92500
202,1.39027
203,1.05991
204,0.30165
205,-0.21726
206,-0.12644
207,0.29209
208,0.46199
209,0.09150
210,-0.76180
211,-1.46279
212,-1.37138
213,-0.63432
214,0.43276
215,1.04475
216,0.99568
217,0.53293
218,-0.02831
219,0.02572
220,0.26834
221,0.68336
222,0.44574
223,-0.33687
224,-1.25593
225,-1.48505
226,-1.15753
227,-0.08373
228,0.80072
229,1.06094
230,0.61165
231,0.19107
232,0.01825
233,0.35216
234,0.77624
235,0.77331
236,0.11212
237,-0.89142
238,-1.45028
239,-1.34455
240,-0.50200
241,0.45475
242,0.92989
243,0.74931
244,0.34543
245,0.06050
246,0.32399
247,0.74482
248,0.91280
249,0.47583
250,-0.54735
251,-1.36878
252,-1.66812
253,-0.89396
254,0.06912
255,0.72028
256,0.82981
257,0.45638
258,0.05497
259,0.07812
260,0.58187
261,0.92151
262,0.60139
263,-0.33092
264,-1.06114
265,-1.61166
266,-1.05923
267,-0.15938
268,0.75418
269,0.98178
270,0.65155
271,0.14923
272,-0.00558
273,0.31424
274,0.64929
275,0.64867
276,-0.01680
277,-0.97509
278,-1.59892
279,-1.33564
280,-0.35916
281,0.58441
282,1.16504
283,0.86737
284,0.38129
285,0.00701
286,0.01891
287,0.41265
288,0.55073
289,0.07448
290,-0.71874
291,-1.45036
292,-1.33173
293,-0.42698
294,0.56636
295,1.30677
296,1.20001
297,0.52279
298,0.05379
299,-0.31381
300,-0.08904
301,0.25853
302,0.10489
303,-0.53327
304,-1.26582
305,-1.35788
306,-0.59331
307,0.50496
308,1.43921
309,1.42032
310,0.81913
311,-0.01689
312,-0.65656
313,-0.42338
314,-0.04458
315,0.08762
316,-0.23175
317,-0.81599
318,-0.97880
319,-0.49926
320,0.61113
321,1.36685
322,1.62353
323,0.88993
324,-0.18866
325,-0.86681
326,-1.02089
327,-0.49804
328,0.06723
329,0.05408
330,-0.26481
331,-0.42069
332,-0.25669
333,0.56721
334,1.24237
335,1.44017
336,0.67543
337,-0.41399
338,-1.28715
339,-1.41247
340,-0.75114
341,0.06507
342,0.49752
343,0.44742
344,0.11684
345,0.00402
346,0.29000
347,0.84716
348,0.88633
349,0.39846
350,-0.43462
351,-1.44293
352,-1.53465
353,-0.72017
354,0.34904
355,1.04047
356,1.14830
357,0.56559
358,-0.04523
359,-0.19307
360,0.12736
361,0.27758
362,0.20182
363,-0.52133
364,-1.13723
365,-1.16360
366,-0.51507
367,0.59655
368,1.40811
369,1.42467
370,0.54216
371,-0.33078
372,-0.75699
373,-0.64267
374,-0.29401
375,-0.00556
376,-0.21105
377,-0.48998
378,-0.53637
379,0.04472
380,0.84548
381,1.43917
382,1.24815
383,0.37575
384,-0.73677
385,-1.49494
386,-1.19924
387,-0.36399
388,0.31708
389,0.75037
390,0.46649
391,0.11250
392,0.06290
393,0.31150
394,0.66980
395,0.48271
396,-0.16662
397,-1.01878
398,-1.45619
399,-0.99201
400,-0.05019
401,1.07830
402,1.45988
403,1.05872
404,0.13240
405,-0.50610
406,-0.80719
407,-0.26443
408,0.03235
409,-0.13060
410,-0.44978
411,-0.70571
412,-0.29357
413,0.48864
414,1.29027
415,1.35280
416,0.64730
417,-0.51254
418,-1.41898
419,-1.44130
420,-0.74706
421,0.17341
422,0.81307
423,0.67113
424,0.27878
425,0.05304
426,0.17485
427,0.34585
428,0.47165
429,-0.01398
430,-0.77606
431,-1.32256
432,-0.99162
433,-0.12906
434,1.04230
435,1.60014
436,1.26072
437,0.23057
438,-0.74914
439,-1.03740
440,-0.74813
441,-0.06464
442,0.16689
443,0.11565
444,-0.16203
445,-0.06421
446,0.36840
447,0.99182
448,1.12138
449,0.47268
450,-0.54496
451,-1.43370
452,-1.52825
453,-0.70076
454,0.49286
455,1.22892
456,1.14397
457,0.45357
458,-0.22314
459,-0.61633
460,-0.36955
461,-0.08890
462,-0.12544
463,-0.32412
464,-0.61011
465,-0.46786
466,0.23396
467,1.05265
468,1.41114
469,0.87297
470,-0.20984
471,-1.23218
472,-1.58265
473,-0.95618
474,0.10819
475,0.99882
476,1.04886
477,0.54464
478,-0.05873
479,-0.30418
480,-0.12869
481,-0.00150
482,-0.00861
483,-0.48986
484,-0.89499
485,-0.74718
486,-0.00566
487,1.12594
488,1.50325
489,1.01156
490,-0.14604
491,-1.14241
492,-1.59598
493,-1.00961
494,0.03308
495,0.82405
496,0.90306
497,0.51912
498,0.02057
499,-0.22230
500,0.07367
501,0.17055
502,-0.12270
503,-0.42124
504,-0.90560
505,-0.80731
506,0.05044
507,1.00771
508,1.62872
509,1.07939
510,-0.06189
511,-1.13599
512,-1.56915
513,-0.92003
514,0.10826
515,0.76295
516,0.91969
517,0.46543
518,0.02318
519,-0.27212
520,-0.03799
521,0.09297
522,-0.00601
523,-0.48344
524,-0.82232
525,-0.73303
526,0.19281
527,1.02465
528,1.37058
529,0.91528
530,-0.38913
531,-1.36378
532,-1.49016
533,-0.88495
534,0.30969
535,1.19442
536,1.05719
537,0.48140
538,-0.15516
539,-0.56197
540,-0.38751
541,-0.02070
542,0.04545
543,-0.20430
544,-0.54873
545,-0.28726
546,0.35665
547,0.95479
548,1.08519
549,0.58402
550,-0.56370
551,-1.41145
552,-1.44784
553,-0.45966
554,0.78436
555,1.43926
556,1.28246
557,0.42602
558,-0.68145
559,-1.05685
560,-0.74602
561,-0.12439
562,0.26158
563,0.20186
564,0.07080
565,-0.04065
566,0.29842
567,0.56981
568,0.53252
569,0.01702
570,-0.82913
571,-1.23305
572,-0.92933
573,0.05784
574,1.16248
575,1.46442
576,1.02298
577,-0.31365
578,-1.26478
579,-1.42492
580,-0.76458
581,0.32099
582,0.96396
583,0.90772
584,0.30806
585,-0.17398
586,-0.28063
587,-0.07409
588,-0.05242
589,-0.13553
590,-0.36116
591,-0.57218
592,-0.21807
593,0.48437
594,1.19082
595,1.01156
596,0.15544
597,-0.99864
598,-1.44811
599,-1.17280
600,0.01050
601,1.12014
602,1.45484
603,0.91603
604,-0.15820
605,-0.94742
606,-1.13588
607,-0.51859
608,0.25548
609,0.58854
610,0.46020
611,0.11630
612,-0.02462
613,0.08297
614,0.31247
615,0.10295
616,-0.30417
617,-0.81880
618,-0.83028
619,-0.10049
620,0.78549
621,1.41037
622,1.05456
623,-0.08031
624,-1.09456
625,-1.57254
626,-0.95376
627,0.32289
628,1.26296
629,1.44116
630,0.62176
631,-0.41894
632,-1.23764
633,-0.95412
634,-0.31955
635,0.25780
636,0.50616
637,0.39359
638,-0.04808
639,-0.05830
640,0.08686
641,0.25668
642,-0.09213
643,-0.48711
644,-0.84414
645,-0.51782
646,0.16269
647,1.04824
648,1.25999
649,0.60263
650,-0.59383
651,-1.49822
652,-1.44419
653,-0.34022
654,0.83794
655,1.53050
656,1.21878
657,0.04103
658,-0.94575
659,-1.32701
660,-0.72145
661,0.11132
662,0.78122
663,0.80948
664,0.37504
665,-0.15415
666,-0.31801
667,-0.18813
668,-0.02093
669,-0.03100
670,-0.26636
671,-0.28044
672,0.01140
673,0.47029
674,0.90565
675,0.60835
676,-0.14673
677,-1.00402
678,-1.27937
679,-0.66523
680,0.58529
681,1.44032
682,1.33852
683,0.35780
684,-0.87888
685,-1.60932
686,-1.14124
687,-0.00923
688,1.14550
689,1.28885
690,0.79544
691,-0.31393
692,-0.94738
693,-0.90335
694,-0.35236
695,0.29863
696,0.57292
697,0.37649
698,0.05515
699,-0.10697
700,-0.03991
701,0.15235
702,-0.00218
703,-0.34613
704,-0.59459
705,-0.31750
706,0.38634
707,0.82924
708,0.92114
709,0.18844
710,-0.77857
711,-1.38544
712,-1.00215
713,0.06823
714,1.15733
715,1.45669
716,0.84560
717,-0.53898
718,-1.44636
719,-1.44735
720,-0.40463
721,0.83967
722,1.41932
723,0.99949
724,-0.03741
725,-0.90278
726,-1.16471
727,-0.56180
728,0.32075
729,0.78965
730,0.63696
731,0.16012
732,-0.21414
733,-0.37617
734,-0.16310
735,0.03590
736,0.02561
737,-0.19232
738,-0.12195
739,0.14147
740,0.45965
741,0.67157
742,0.15779
743,-0.46881
744,-1.02637
745,-0.77051
746,0.09343
747,1.01026
748,1.27051
749,0.58478
750,-0.55808
751,-1.45345
752,-1.38142
753,-0.31392
754,1.10080
755,1.61790
756,0.92894
757,-0.23312
758,-1.33872
759,-1.40219
760,-0.56831
761,0.69905
762,1.41655
763,1.00042
764,0.06893
765,-0.83859
766,-1.13612
767,-0.56018
768,0.31379
769,0.67729
770,0.64694
771,0.01763
772,-0.34191
773,-0.38558
774,-0.21475
775,0.02882
776,-0.04841
777,-0.17469
778,-0.10108
779,0.11878
780,0.29035
781,0.50708
782,-0.04477
783,-0.52546
784,-0.72574
785,-0.48674
786,0.26133
787,1.02505
788,1.00713
789,0.34604
790,-0.73728
791,-1.36680
792,-1.00722
793,0.19941
794,1.24037
795,1.51904
796,0.55683
797,-0.71993
798,-1.55626
799,-1.25671
800,-0.00718
801,1.20323
802,1.53120
803,0.75354
804,-0.52114
805,-1.38653
806,-1.24420
807,-0.13878
808,0.90310
809,1.36051
810,0.75254
811,-0.32305
812,-1.17063
813,-1.11095
814,-0.12415
815,0.59627
816,0.84931
817,0.55867
818,-0.15011
819,-0.52965
820,-0.56837
821,-0.20655
822,0.19855
823,0.33709
824,0.20058
825,-0.00005
826,-0.04888
827,0.00828
828,0.04538
829,-0.14890
830,-0.12949
831,-0.37850
832,0.00959
833,0.38616
834,0.56015
835,0.31561
836,-0.35436
837,-0.81051
838,-0.71184
839,0.03946
840,0.76147
841,1.14798
842,0.44082
843,-0.47821
844,-1.15432
845,-1.01162
846,-0.13025
847,1.05872
848,1.43789
849,0.73231
850,-0.54186
851,-1.42449
852,-1.34356
853,-0.17390
854,1.16866
855,1.51227
856,0.70148
857,-0.53323
858,-1.44438
859,-1.34642
860,-0.06629
861,1.15129
862,1.52836
863,0.80376
864,-0.56834
865,-1.47511
866,-1.40352
867,0.03220
868,1.15159
869,1.36291
870,0.61749
871,-0.54976
872,-1.37160
873,-1.12935
874,-0.03501
875,0.87808
876,1.12583
877,0.55601
878,-0.45682
879,-1.05202
880,-0.75168
881,0.03638
882,0.74444
883,0.81122
884,0.39939
885,-0.39746
886,-0.70455
887,-0.57587
888,0.10617
889,0.48202
890,0.48601
891,0.13197
892,-0.24946
893,-0.34574
894,-0.20904
895,0.07289
896,0.18546
897,0.22551
898,-0.03044
899,-0.09694
900,-0.08681
901,-0.04641
902,-0.03335
903,-0.12114
904,-0.13443
905,-0.03355
906,0.17300
907,0.34336
908,0.17073
909,-0.07176
910,-0.44163
911,-0.39775
912,-0.05151
913,0.47071
914,0.59602
915,0.34680
916,-0.37491
917,-0.76834
918,-0.50858
919,0.05961
920,0.69252
921,0.75407
922,0.19921
923,-0.53217
924,-0.94651
925,-0.61085
926,0.26341
927,0.97157
928,0.97242
929,0.18155
930,-0.83855
931,-1.19280
932,-0.63221
933,0.53157
934,1.28554
935,0.98443
936,-0.01094
937,-1.02637
938,-1.28568
939,-0.42196
940,0.75597
941,1.34358
942,0.87205
943,-0.32463
944,-1.23254
945,-1.30448
946,-0.28969
947,0.97577
948,1.39848
949,0.63931
950,-0.60725
951,-1.42259
952,-1.13554
953,-0.04407
954,1.25088
955,1.43621
956,0.44111
957,-0.83873
958,-1.60079
959,-0.98508
960,0.34139
961,1.42185
962,1.36998
963,0.16906
964,-1.18513
965,-1.58403
966,-0.59802
967,0.75178
968,1.69756
969,1.08427
970,-0.23047
971,-1.42212
972,-1.50768
973,-0.36812
974,1.01051
975,1.60746
976,0.81916
977,-0.63550
978,-1.48417
979,-1.25020
980,0.21949
981,1.39414
982,1.42878
983,0.41595
984,-0.94589
985,-1.61041
986,-0.82824
987,0.52670
988,1.46845
989,1.27865
990,-0.04992
991,-1.33801
992,-1.52124
993,-0.51714
994,0.93844
995,1.60424
996,0.89044
997,-0.43420
998,-1.50131
999,-1.30402
1000,0.11111
1001,1.30467
1002,1.49612
1003,0.61633
1004,-0.85687
1005,-1.68535
1006,-0.93266
1007,0.50777
1008,1.50153
1009,1.27539
1010,0.03146
1011,-1.29023
1012,-1.52479
1013,-0.46938
1014,0.99028
1015,1.57760
1016,0.77123
1017,-0.54325
1018,-1.54003
1019,-1.30597
1020,0.09855
1021,1.26590
1022,1.45756
1023,0.43523
1024,-1.06602
1025,-1.58666
1026,-0.82404
1027,0.52551
1028,1.56213
1029,1.14625
1030,-0.24467
1031,-1.47572
1032,-1.43288
1033,-0.24984
1034,1.19489
1035,1.61885
1036,0.60740
1037,-0.89303
1038,-1.47448
1039,-1.02124
1040,0.38052
1041,1.37922
1042,1.28628
1043,0.02641
1044,-1.16061
1045,-1.41307
1046,-0.48404
1047,0.93362
1048,1.44218
1049,0.88898
1050,-0.53607
1051,-1.35999
1052,-1.13540
1053,0.14204
1054,1.23890
1055,1.29570
1056,0.26902
1057,-1.06604
1058,-1.36982
1059,-0.54954
1060,0.78491
1061,1.29829
1062,0.82490
1063,-0.36596
1064,-1.21552
1065,-1.07068
1066,0.07003
1067,1.07698
1068,1.12539
1069,0.22456
1070,-0.75510
1071,-1.10035
1072,-0.46968
1073,0.61033
1074,0.96982
1075,0.75303
1076,-0.32131
1077,-0.90146
1078,-0.66045
1079,-0.01860
1080,0.76900
1081,0.79698
1082,0.09078
1083,-0.50609
1084,-0.63343
1085,-0.26121
1086,0.25121
1087,0.61889
1088,0.36043
1089,-0.17957
1090,-0.42517
1091,-0.39944
1092,0.07469
1093,0.27407
1094,0.28329
1095,0.07249
1096,-0.07659
1097,-0.17474
1098,-0.06983
1099,0.04906
1100,-0.01127
1101,-0.02994
1102,0.00752
1103,0.19467
1104,0.13304
1105,-0.05621
1106,-0.25637
1107,-0.33192
1108,0.00796
1109,0.44789
1110,0.51729
1111,0.16045
1112,-0.41196
1113,-0.74579
1114,-0.35071
1115,0.39500
1116,0.83769
1117,0.50869
1118,-0.24831
1119,-0.92183
1120,-0.79341
1121,0.10868
1122,1.04503
1123,1.04316
1124,0.07527
1125,-1.00819
1126,-1.22929
1127,-0.38551
1128,0.89832
1129,1.38165
1130,0.65076
1131,-0.66367
1132,-1.48072
1133,-0.93579
1134,0.45020
1135,1.54545
1136,1.19856
1137,-0.26968
1138,-1.43169
1139,-1.45411
1140,-0.07759
1141,1.26826
1142,1.61319
1143,0.38577
1144,-1.09158
1145,-1.59752
1146,-0.67990
1147,0.77946
1148,1.45329
1149,0.72663
1150,-0.55821
1151,-1.36483
1152,-0.94285
1153,0.32328
1154,1.30883
1155,1.06737
1156,-0.02503
1157,-1.09573
1158,-0.95401
1159,-0.04432
1160,0.84295
1161,0.91654
1162,0.19277
1163,-0.57544
1164,-0.70779
1165,-0.35145
1166,0.22551
1167,0.43202
1168,0.23389
1169,-0.17433
1170,-0.30871
1171,-0.13842
1172,0.15730
1173,0.01523
1174,-0.09852
1175,0.03366
1176,0.19207
1177,0.29513
1178,-0.08436
1179,-0.37375
1180,-0.45923
1181,-0.09288
1182,0.54765
1183,0.76091
1184,0.39730
1185,-0.57258
1186,-1.06538
1187,-0.48901
1188,0.67713
1189,1.26700
1190,0.76168
1191,-0.51522
1192,-1.42515
1193,-1.01233
1194,0.39952
1195,1.38239
1196,1.23116
1197,-0.15546
1198,-1.38473
1199,-1.32918
1200,-0.01248
1201,1.31610
1202,1.43803
1203,0.15527
1204,-1.33533
1205,-1.51010
1206,-0.34613
1207,1.00407
1208,1.36366
1209,0.56063
1210,-0.81670
1211,-1.29955
1212,-0.49488
1213,0.46016
1214,1.06765
1215,0.49041
1216,-0.37779
1217,-0.84968
1218,-0.34841
1219,0.14269
1220,0.38575
1221,0.25325
1222,-0.01632
1223,-0.15929
1224,0.05210
1225,0.03241
1226,-0.21425
1227,-0.29477
1228,0.05023
1229,0.39653
1230,0.66228
1231,0.17357
1232,-0.61117
1233,-0.98839
1234,-0.23345
1235,0.94722
1236,1.08276
1237,0.45128
1238,-0.95162
1239,-1.45255
1240,-0.58410
1241,0.98179
1242,1.49403
1243,0.68683
1244,-0.80068
1245,-1.58450
1246,-0.83850
1247,0.78355
1248,1.50537
1249,0.83283
1250,-0.58764
1251,-1.36398
1252,-0.82861
1253,0.35536
1254,1.19441
1255,0.87640
1256,-0.20753
1257,-0.92503
1258,-0.58674
1259,0.11039
1260,0.49544
1261,0.32713
1262,0.02835
1263,-0.21599
1264,-0.11321
1265,-0.00411
1266,-0.18526
1267,-0.27218
1268,-0.10057
1269,0.55183
1270,0.59716
1271,0.03531
1272,-0.82127
1273,-0.90087
1274,-0.24511
1275,0.94728
1276,1.21072
1277,0.30222
1278,-1.00668
1279,-1.46186
1280,-0.43896
1281,1.11407
1282,1.60373
1283,0.39807
1284,-1.10425
1285,-1.56239
1286,-0.44210
1287,1.08088
1288,1.41247
1289,0.46215
1290,-0.81668
1291,-1.12879
1292,-0.43387
1293,0.61549
1294,0.86252
1295,0.31558
1296,-0.33408
1297,-0.38298
1298,-0.13173
1299,0.04927
1300,-0.05209
1301,-0.07521
1302,0.12393
1303,0.45519
1304,0.31632
1305,-0.29796
1306,-0.95758
1307,-0.60447
1308,0.57536
1309,1.22488
1310,0.80352
1311,-0.63318
1312,-1.46065
1313,-0.97352
1314,0.60400
1315,1.60919
1316,0.97687
1317,-0.60632
1318,-1.49628
1319,-0.96432
1320,0.61028
1321,1.32932
1322,0.80244
1323,-0.39296
1324,-1.07623
1325,-0.62531
1326,0.33643
1327,0.70316
1328,0.32845
1329,-0.14602
1330,-0.29363
1331,-0.10084
1332,-0.01722
1333,-0.20433
1334,-0.23349
1335,0.26519
1336,0.63291
1337,0.49736
1338,-0.44056
1339,-1.10767
1340,-0.78163
1341,0.54459
1342,1.43183
1343,0.98900
1344,-0.65485
1345,-1.64482
1346,-1.00318
1347,0.64036
1348,1.59426
1349,0.92965
1350,-0.61873
1351,-1.36326
1352,-0.81358
1353,0.49904
1354,1.15338
1355,0.54892
1356,-0.44980
1357,-0.60597
1358,-0.24441
1359,0.08505
1360,0.06327
1361,-0.03888
1362,0.13794
1363,0.40284
1364,0.34564
1365,-0.27387
1366,-0.91362
1367,-0.58941
1368,0.62723
1369,1.35759
1370,0.69240
1371,-0.75199
1372,-1.46469
1373,-0.72213
1374,0.86531
1375,1.54546
1376,0.62375
1377,-0.90148
1378,-1.43611
1379,-0.44029
1380,0.72621
1381,1.14184
1382,0.30470
1383,-0.58973
1384,-0.51266
1385,-0.14162
1386,0.16431
1387,0.06362
1388,-0.02052
1389,0.19818
1390,0.48888
1391,0.07680
1392,-0.65168
1393,-1.04588
1394,-0.10235
1395,1.02497
1396,1.30941
1397,0.09351
1398,-1.39050
1399,-1.34182
1400,0.04345
1401,1.45729
1402,1.40985
1403,-0.12749
1404,-1.27074
1405,-1.01162
1406,0.12844
1407,0.94834
1408,0.64894
1409,-0.13610
1410,-0.32533
1411,-0.22371
1412,0.03838
1413,-0.12400
1414,-0.26192
1415,0.26369
1416,0.71730
1417,0.49678
1418,-0.53746
1419,-1.15760
1420,-0.63200
1421,0.72027
1422,1.59752
1423,0.66026
1424,-0.93098
1425,-1.61827
1426,-0.65228
1427,0.88004
1428,1.41237
1429,0.43256
1430,-0.82222
1431,-0.86581
1432,-0.12630
1433,0.54995
1434,0.35176
1435,0.10496
1436,0.10896
1437,0.19830
1438,-0.03114
1439,-0.63366
1440,-0.77651
1441,0.04067
1442,1.10512
1443,0.99507
1444,-0.29085
1445,-1.44204
1446,-1.11922
1447,0.49952
1448,1.55351
1449,0.96733
1450,-0.49999
1451,-1.37685
1452,-0.67234
1453,0.41592
1454,0.89433
1455,0.30203
1456,-0.19165
1457,-0.28301
1458,-0.01099
1459,-0.08686
1460,-0.46026
1461,-0.12550
1462,0.67347
1463,0.99631
1464,0.18639
1465,-1.13494
1466,-1.26465
1467,0.00439
1468,1.51527
1469,1.26803
1470,-0.26915
1471,-1.37139
1472,-1.01975
1473,0.34654
1474,1.15287
1475,0.70229
1476,-0.25381
1477,-0.65336
1478,-0.17024
1479,-0.03269
1480,-0.19930
1481,0.04145
1482,0.37585
1483,0.75752
1484,0.27221
1485,-0.78808
1486,-1.15205
1487,-0.21265
1488,1.25254
1489,1.48496
1490,0.02495
1491,-1.40849
1492,-1.15560
1493,0.21525
1494,1.21640
1495,0.75020
1496,-0.24811
1497,-0.73067
1498,-0.28216
1499,0.08995
1500,-0.00070
1501,-0.14704
1502,0.33907
1503,0.73216
1504,0.21304
1505,-0.70725
1506,-1.22554
1507,-0.33936
1508,1.27633
1509,1.37015
1510,-0.10258
1511,-1.41980
1512,-1.23148
1513,0.37142
1514,1.17337
1515,0.78205
1516,-0.41205
1517,-0.65231
1518,-0.22833
1519,0.07792
1520,-0.04846
1521,-0.12870
1522,0.30285
1523,0.77141
1524,0.22063
1525,-1.03842
1526,-1.28791
1527,-0.10452
1528,1.40667
1529,1.34569
1530,-0.30521
1531,-1.39548
1532,-1.05456
1533,0.50377
1534,1.05633
1535,0.48342
1536,-0.25872
1537,-0.36849
1538,-0.07859
1539,-0.03801
1540,-0.37175
1541,-0.05410
1542,0.69807
1543,1.05173
1544,-0.05617
1545,-1.34415
1546,-1.15165
1547,0.30434
1548,1.54737
1549,1.09286
1550,-0.48898
1551,-1.36242
1552,-0.44474
1553,0.53012
1554,0.75884
1555,0.08038
1556,-0.16842
1557,0.01013
1558,-0.01953
1559,-0.52301
1560,-0.72091
1561,0.11957
1562,1.23863
1563,0.99936
1564,-0.44001
1565,-1.53200
1566,-0.86240
1567,0.76125
1568,1.46110
1569,0.42128
1570,-0.78947
1571,-0.87432
1572,-0.06700
1573,0.33909
1574,0.12691
1575,0.04337
1576,0.33973
1577,0.57334
1578,-0.34808
1579,-1.11569
1580,-0.68275
1581,0.81283
1582,1.60186
1583,0.52498
1584,-1.06676
1585,-1.41464
1586,-0.12362
1587,0.98614
1588,0.83824
1589,-0.08838
1590,-0.54968
1591,-0.11613
1592,-0.06884
1593,-0.47194
1594,-0.32216
1595,0.58972
1596,1.11741
1597,0.35115
1598,-1.05902
1599,-1.39905
1600,-0.02423
1601,1.42055
1602,1.16613
1603,-0.38924
1604,-1.09940
1605,-0.60151
1606,0.30186
1607,0.43849
1608,0.09763
1609,0.17399
1610,0.43069
1611,0.07273
1612,-0.98296
1613,-1.05591
1614,0.15966
1615,1.46602
1616,1.05009
1617,-0.64190
1618,-1.48191
1619,-0.56937
1620,0.75433
1621,0.98197
1622,0.24454
1623,-0.50786
1624,-0.11443
1625,-0.04440
1626,-0.37467
1627,-0.50435
1628,0.36196
1629,1.08882
1630,0.70005
1631,-0.91669
1632,-1.42884
1633,-0.28869
1634,1.23570
1635,1.20249
1636,-0.04946
1637,-0.88939
1638,-0.52191
1639,0.16530
1640,0.12270
1641,-0.08287
1642,0.32433
1643,0.83174
1644,0.21486
1645,-1.01340
1646,-1.18052
1647,0.06509
1648,1.50075
1649,1.01848
1650,-0.47816
1651,-1.26511
1652,-0.53637
1653,0.60644
1654,0.70668
1655,-0.01284
1656,0.05697
1657,0.35062
1658,-0.10010
1659,-1.06874
1660,-0.70302
1661,0.63297
1662,1.63766
1663,0.57710
1664,-1.11756
1665,-1.43461
1666,-0.07869
1667,0.94896
1668,0.69049
1669,-0.10771
1670,-0.23911
1671,0.08427
1672,-0.14232
1673,-0.74489
1674,-0.26796
1675,1.01653
1676,1.31231
1677,-0.04726
1678,-1.51032
1679,-1.10468
1680,0.59996
1681,1.28683
1682,0.51137
1683,-0.53679
1684,-0.45337
1685,0.00527
1686,-0.11517
1687,-0.35060
1688,0.19797
1689,1.01562
1690,0.65235
1691,-0.81196
1692,-1.47475
1693,-0.46397
1694,1.16413
1695,1.29899
1696,-0.05628
1697,-0.96083
1698,-0.50976
1699,0.09151
1700,-0.02050
1701,-0.06075
1702,0.46972
1703,0.90889
1704,0.02462
1705,-1.24454
1706,-1.16160
1707,0.41994
1708,1.56977
1709,0.77013
1710,-0.80893
1711,-0.98755
1712,-0.14026
1713,0.31215
1714,0.04119
1715,0.11428
1716,0.63287
1717,0.49437
1718,-0.62317
1719,-1.41210
1720,-0.35221
1721,1.21538
1722,1.29402
1723,-0.15329
1724,-1.16926
1725,-0.62787
1726,0.30724
1727,0.41094
1728,0.03451
1729,0.21094
1730,0.65937
1731,-0.07256
1732,-1.21143
1733,-1.09801
1734,0.67318
1735,1.61313
1736,0.59894
1737,-0.98824
1738,-1.04990
1739,-0.05080
1740,0.60943
1741,0.19389
1742,0.11977
1743,0.44412
1744,0.24352
1745,-0.78227
1746,-1.33227
1747,-0.02774
1748,1.46923
1749,1.08927
1750,-0.55324
1751,-1.24698
1752,-0.43024
1753,0.61868
1754,0.35089
1755,0.03855
1756,0.32598
1757,0.51040
1758,-0.52529
1759,-1.31191
1760,-0.52136
1761,1.08886
1762,1.54398
1763,-0.05472
1764,-1.29183
1765,-0.85039
1766,0.24146
1767,0.49334
1768,0.01807
1769,0.25246
1770,0.59949
1771,-0.11990
1772,-1.19941
1773,-0.96516
1774,0.73071
1775,1.62760
1776,0.39993
1777,-0.99795
1778,-0.90247
1779,0.06634
1780,0.35136
1781,-0.03313
1782,0.24009
1783,0.79473
1784,0.23560
1785,-1.14390
1786,-1.21117
1787,0.30704
1788,1.59638
1789,0.81902
1790,-0.80451
1791,-0.93436
1792,-0.05293
1793,0.27943
1794,-0.04983
1795,0.18313
1796,0.82321
1797,0.50109
1798,-0.97466
1799,-1.45261
1800,0.00862
1801,1.43322
1802,1.00178
1803,-0.51367
1804,-0.90601
1805,-0.12244
1806,0.09296
1807,-0.17579
1808,0.16473
1809,1.06790
1810,0.79215
1811,-0.78065
1812,-1.64310
1813,-0.27241
1814,1.30160
1815,0.97159
1816,-0.24879
1817,-0.66915
1818,-0.07754
1819,0.04941
1820,-0.54351
1821,0.01869
1822,1.13931
1823,0.97431
1824,-0.68208
1825,-1.64956
1826,-0.45613
1827,1.00484
1828,0.90015
1829,-0.22106
1830,-0.22003
1831,0.02361
1832,-0.25870
1833,-0.85151
1834,-0.08335
1835,1.35161
1836,1.21795
1837,-0.59895
1838,-1.50358
1839,-0.39508
1840,0.82650
1841,0.51943
1842,-0.02297
1843,0.11928
1844,0.38299
1845,-0.60494
1846,-1.23011
1847,-0.18388
1848,1.47027
1849,1.16233
1850,-0.50054
1851,-1.31331
1852,-0.31699
1853,0.48578
1854,0.22787
1855,-0.04165
1856,0.56112
1857,0.57867
1858,-0.83024
1859,-1.49943
1860,-0.15385
1861,1.51689
1862,1.03712
1863,-0.43504
1864,-0.82501
1865,-0.04925
1866,0.01398
1867,-0.30219
1868,0.25665
1869,1.21254
1870,0.63403
1871,-1.00873
1872,-1.49349
1873,0.01900
1874,1.29394
1875,0.74178
1876,-0.33779
1877,-0.15394
1878,0.07117
1879,-0.52982
1880,-0.79832
1881,0.49590
1882,1.49468
1883,0.65832
1884,-1.15869
1885,-1.21823
1886,0.23703
1887,0.81677
1888,0.19503
1889,0.01901
1890,0.49454
1891,-0.03309
1892,-1.16889
1893,-0.93523
1894,0.69036
1895,1.56352
1896,0.25451
1897,-1.01190
1898,-0.72739
1899,0.15886
1900,-0.04013
1901,-0.13917
1902,0.67934
1903,0.99542
1904,-0.15629
1905,-1.60354
1906,-0.84376
1907,0.98238
1908,1.17827
1909,-0.08081
1910,-0.45500
1911,-0.03993
1912,-0.27692
1913,-0.87785
1914,-0.20764
1915,1.32807
1916,1.12448
1917,-0.64774
1918,-1.40936
1919,-0.31740
1920,0.76558
1921,0.38393
1922,0.03880
1923,0.59669
1924,0.20239
1925,-0.85049
1926,-1.29755
1927,0.32310
1928,1.49413
1929,0.61693
1930,-0.74734
1931,-0.70341
1932,0.02331
1933,-0.15482
1934,-0.25420
1935,0.59110
1936,1.22183
1937,0.00586
1938,-1.59065
1939,-0.96492
1940,0.73208
1941,0.98953
1942,0.07321
1943,-0.21677
1944,0.25983
1945,-0.35939
1946,-1.07839
1947,-0.26171
1948,1.41825
1949,1.23835
1950,-0.58061
1951,-1.19424
1952,-0.25668
1953,0.25572
1954,0.05169
1955,0.13796
1956,0.82750
1957,0.41301
1958,-1.11163
1959,-1.32322
1960,0.50558
1961,1.36154
1962,0.52989
1963,-0.56462
1964,-0.12680
1965,-0.03292
1966,-0.78170
1967,-0.53803
1968,0.91522
1969,1.50483
1970,-0.29578
1971,-1.39921
1972,-0.53098
1973,0.47215
1974,0.38678
1975,-0.02023
1976,0.56382
1977,0.49283
1978,-0.83734
1979,-1.45356
1980,0.02447
1981,1.49721
1982,0.61273
1983,-0.49302
1984,-0.39856
1985,-0.05560
1986,-0.51043
1987,-0.47413
1988,0.79231
1989,1.41418
1990,-0.01705
1991,-1.38316
1992,-0.82047
1993,0.56755
1994,0.46779
1995,-0.03862
1996,0.47867
1997,0.53545
1998,-0.83587
1999,-1.47050
2000,0.10928
2001,1.42440
2002,0.81152
2003,-0.53727
2004,-0.44540
2005,0.00775
2006,-0.49459
2007,-0.55459
2008,0.81738
2009,1.43006
2010,-0.09385
2011,-1.50302
2012,-0.80006
2013,0.54316
2014,0.44263
2015,0.00800
2016,0.53835
2017,0.48457
2018,-0.76504
2019,-1.47718
2020,0.09577
2021,1.44474
2022,0.70411
2023,-0.55359
2024,-0.34459
2025,-0.05841
2026,-0.70508
2027,-0.54273
2028,0.93942
2029,1.40075
2030,-0.22627
2031,-1.41014
2032,-0.48267
2033,0.46778
2034,0.20617
2035,0.03261
2036,0.77090
2037,0.46217
2038,-1.04008
2039,-1.39661
2040,0.38893
2041,1.29122
2042,0.30997
2043,-0.34827
2044,0.06365
2045,-0.13581
2046,-0.97859
2047,-0.38367
2048,1.28150
2049,1.33912
2050,-0.59386
2051,-1.14867
2052,-0.20572
2053,0.31606
2054,-0.12885
2055,0.25894
2056,1.20907
2057,0.24422
2058,-1.49876
2059,-1.00092
2060,0.80791
2061,0.87792
2062,0.05815
2063,0.02180
2064,0.31070
2065,-0.50742
2066,-1.23811
2067,0.07665
2068,1.60939
2069,0.69798
2070,-0.80283
2071,-0.56991
2072,-0.05259
2073,-0.32249
2074,-0.43057
2075,0.93188
2076,1.26812
2077,-0.56164
2078,-1.55224
2079,-0.29766
2080,0.70768
2081,0.21441
2082,0.05674
2083,0.69061
2084,0.15162
2085,-1.41158
2086,-1.02846
2087,0.84820
2088,1.22274
2089,-0.01252
2090,-0.49152
2091,0.05600
2092,-0.34443
2093,-0.96070
2094,0.20772
2095,1.53526
2096,0.57106
2097,-0.99526
2098,-0.89469
2099,0.10302
2100,-0.08479
2101,-0.17586
2102,0.80541
2103,1.08414
2104,-0.64001
2105,-1.44656
2106,-0.18348
2107,0.86337
2108,0.37577
2109,-0.07881
2110,0.53721
2111,-0.06920
2112,-1.32795
2113,-0.81847
2114,1.07484
2115,1.24261
2116,-0.25194
2117,-0.59265
2118,0.04318
2119,-0.43759
2120,-0.85462
2121,0.63171
2122,1.54004
2123,0.20315
2124,-1.22062
2125,-0.61426
2126,0.35905
2127,-0.03747
2128,0.00453
2129,1.06704
2130,0.61194
2131,-1.15372
2132,-1.26163
2133,0.37205
2134,0.97516
2135,0.10459
2136,0.08917
2137,0.49116
2138,-0.47003
2139,-1.34568
2140,-0.06395
2141,1.45185
2142,0.68866
2143,-0.52394
2144,-0.32321
2145,-0.04348
2146,-0.86732
2147,-0.55032
2148,1.15008
2149,1.28121
2150,-0.56101
2151,-1.31051
2152,-0.08549
2153,0.13470
2154,-0.32776
2155,0.54259
2156,1.24746
2157,-0.21988
2158,-1.59054
2159,-0.65041
2160,0.72522
2161,0.36558
2162,0.10434
2163,0.59797
2164,0.15862
2165,-1.29019
2166,-0.97200
2167,0.85338
2168,1.18863
2169,-0.00073
2170,-0.26740
2171,0.09216
2172,-0.65893
2173,-1.07863
2174,0.49039
2175,1.59216
2176,0.19392
2177,-0.97290
2178,-0.26924
2179,-0.00476
2180,-0.56959
2181,0.19713
2182,1.44468
2183,0.54691
2184,-1.20214
2185,-1.05119
2186,0.31155
2187,0.24518
2188,-0.07545
2189,0.83470
2190,0.69245
2191,-0.91652
2192,-1.43689
2193,0.21232
2194,0.97793
2195,0.20633
2196,0.10657
2197,0.52364
2198,-0.51798
2199,-1.42080
2200,0.12888
2201,1.42790
2202,0.55936
2203,-0.39931
2204,-0.04699
2205,-0.22292
2206,-1.05276
2207,-0.22476
2208,1.34909
2209,0.95960
2210,-0.80668
2211,-0.83732
2212,-0.01549
2213,-0.38366
2214,-0.37268
2215,1.08250
2216,1.14759
2217,-0.80428
2218,-1.32976
2219,-0.01830
2220,0.35919
2221,-0.10398
2222,0.55558
2223,1.15219
2224,-0.54368
2225,-1.59875
2226,-0.19171
2227,1.00820
2228,0.23921
2229,0.13240
2230,0.60648
2231,-0.32213
2232,-1.47196
2233,-0.43550
2234,1.24148
2235,0.69653
2236,-0.39002
2237,-0.04598
2238,-0.08459
2239,-1.23141
2240,-0.59823
2241,1.22411
2242,1.17103
2243,-0.52551
2244,-0.60010
2245,0.06213
2246,-0.57127
2247,-0.48083
2248,1.14659
2249,1.26918
2250,-0.52280
2251,-1.14512
2252,-0.01875
2253,-0.04588
2254,-0.28347
2255,0.74576
2256,1.28307
2257,-0.49608
2258,-1.51017
2259,-0.20648
2260,0.52522
2261,0.06380
2262,0.45273
2263,0.95311
2264,-0.39164
2265,-1.59009
2266,-0.38165
2267,1.05230
2268,0.27160
2269,0.05484
2270,0.68490
2271,-0.17867
2272,-1.53638
2273,-0.37428
2274,1.21746
2275,0.65471
2276,-0.36528
2277,0.14128
2278,-0.18155
2279,-1.20347
2280,-0.38271
2281,1.43408
2282,0.88771
2283,-0.58209
2284,-0.23865
2285,-0.03172
2286,-0.94442
2287,-0.34318
2288,1.42121
2289,0.97349
2290,-0.72772
2291,-0.71073
2292,0.06990
2293,-0.45967
2294,-0.21411
2295,1.29526
2296,1.01408
2297,-0.90029
2298,-1.04057
2299,0.14594
2300,-0.07186
2301,-0.07476
2302,1.04314
2303,0.87766
2304,-0.97779
2305,-1.19963
2306,0.20011
2307,0.40557
2308,0.03259
2309,0.72112
2310,0.69914
2311,-1.04736
2312,-1.34563
2313,0.35410
2314,0.78764
2315,-0.00397
2316,0.51865
2317,0.51454
2318,-1.01259
2319,-1.29139
2320,0.51626
2321,1.13039
2322,0.11146
2323,0.04357
2324,0.27028
2325,-1.01879
2326,-1.27960
2327,0.70837
2328,1.41810
2329,-0.03712
2330,-0.30884
2331,0.04642
2332,-0.81378
2333,-1.01052
2334,0.85510
2335,1.37661
2336,-0.15884
2337,-0.55814
2338,-0.02749
2339,-0.63396
2340,-0.84105
2341,0.95802
2342,1.45011
2343,-0.27183
2344,-0.78538
2345,0.02743
2346,-0.32975
2347,-0.59221
2348,1.13844
2349,1.34313
2350,-0.53387
2351,-1.22744
2352,0.05204
2353,-0.22442
2354,-0.29618
2355,1.08601
2356,1.16670
2357,-0.73067
2358,-1.07570
2359,0.04424
2360,-0.01856
2361,-0.11303
2362,1.04513
2363,0.95748
2364,-0.99338
2365,-1.25423
2366,0.25581
2367,0.27940
2368,0.04641
2369,0.88781
2370,0.63969
2371,-1.11426
2372,-1.16258
2373,0.46717
2374,0.56725
2375,0.00218
2376,0.87069
2377,0.31518
2378,-1.34420
2379,-0.93850
2380,0.75415
2381,0.58372
2382,0.05494
2383,0.67572
2384,0.14023
2385,-1.51704
2386,-0.71837
2387,1.01612
2388,0.55662
2389,-0.19093
2390,0.51094
2391,-0.11924
2392,-1.56346
2393,-0.45188
2394,1.26717
2395,0.50320
2396,-0.21485
2397,0.32055
2398,-0.52337
2399,-1.37769
2400,0.00903
2401,1.41199
2402,0.30715
2403,-0.33328
2404,0.22455
2405,-0.53515
2406,-1.26611
2407,0.42179
2408,1.41440
2409,0.06668
2410,-0.32658
2411,0.15058
2412,-0.63053
2413,-1.03023
2414,0.83417
2415,1.47328
2416,-0.19881
2417,-0.58976
2418,0.08452
2419,-0.81590
2420,-0.64371
2421,1.07272
2422,1.26645
2423,-0.52941
2424,-0.52143
2425,0.02957
2426,-0.70388
2427,-0.35170
2428,1.49279
2429,0.93193
2430,-0.77267
2431,-0.51098
2432,-0.08845
2433,-0.76375
2434,0.08124
2435,1.60110
2436,0.40730
2437,-0.97128
2438,-0.27164
2439,-0.19859
2440,-0.78395
2441,0.51955
2442,1.57508
2443,0.01525
2444,-1.11623
2445,-0.10860
2446,-0.14746
2447,-0.52092
2448,0.88751
2449,1.32308
2450,-0.61488
2451,-0.99957
2452,-0.03771
2453,-0.29153
2454,-0.29206
2455,1.17757
2456,0.90506
2457,-1.00103
2458,-0.74783
2459,0.18485
2460,-0.31132
2461,0.10914
2462,1.46775
2463,0.31105
2464,-1.18403
2465,-0.56369
2466,0.23059
2467,-0.39229
2468,0.58768
2469,1.47647
2470,-0.22620
2471,-1.32109
2472,-0.21877
2473,0.00997
2474,-0.32482
2475,0.93520
2476,1.20198
2477,-0.84702
2478,-1.15076
2479,0.16550
2480,-0.04413
2481,-0.06930
2482,1.25004
2483,0.68266
2484,-1.28219
2485,-0.74061
2486,0.34702
2487,-0.26654
2488,0.37452
2489,1.38432
2490,0.00160
2491,-1.39368
2492,-0.28490
2493,0.23489
2494,-0.30417
2495,0.80813
2496,1.23655
2497,-0.66774
2498,-1.23943
2499,0.17264
2500,-0.02382
2501,-0.13795
2502,1.27658
2503,0.64115
2504,-1.28545
2505,-0.83495
2506,0.16790
2507,-0.20503
2508,0.31627
2509,1.37685
2510,-0.00647
2511,-1.36466
2512,-0.32421
2513,0.18704
2514,-0.28021
2515,0.81308
2516,1.25846
2517,-0.84025
2518,-1.15976
2519,0.13516
2520,-0.02671
2521,-0.06206
2522,1.32380
2523,0.62302
2524,-1.24044
2525,-0.67065
2526,0.28156
2527,-0.34856
2528,0.46204
2529,1.45952
2530,-0.24649
2531,-1.21154
2532,-0.10352
2533,-0.04539
2534,-0.20010
2535,1.07090
2536,0.99763
2537,-0.87551
2538,-0.88608
2539,0.10501
2540,-0.39159
2541,0.08627
2542,1.40720
2543,0.23880
2544,-1.31759
2545,-0.32842
2546,0.09652
2547,-0.53735
2548,0.78886
2549,1.32709
2550,-0.57928
2551,-0.98653
2552,0.00106
2553,-0.47291
2554,-0.10726
2555,1.43827
2556,0.59652
2557,-1.02185
2558,-0.39013
2559,0.00919
2560,-0.80150
2561,0.61275
2562,1.58058
2563,-0.23585
2564,-0.94631
2565,0.03636
2566,-0.61533
2567,-0.50278
2568,1.30284
2569,0.98548
2570,-0.75790
2571,-0.43324
2572,-0.17888
2573,-0.85951
2574,0.32830
2575,1.68803
2576,0.04645
2577,-0.69778
2578,0.01507
2579,-0.67990
2580,-0.78612
2581,1.18108
2582,1.00403
2583,-0.61594
2584,-0.27961
2585,-0.16705
2586,-1.16671
2587,0.13413
2588,1.52555
2589,0.22547
2590,-0.38189
2591,0.10366
2592,-0.89475
2593,-0.89860
2594,1.06966
2595,1.05887
2596,-0.28209
2597,0.10655
2598,-0.20603
2599,-1.42254
2600,0.04333
2601,1.44447
2602,0.24651
2603,-0.10985
2604,0.30680
2605,-1.10424
2606,-1.13730
2607,0.83588
2608,0.90839
2609,-0.09845
2610,0.49757
2611,-0.29918
2612,-1.53812
2613,-0.11051
2614,1.08437
2615,0.12384
2616,0.41374
2617,0.51807
2618,-1.15625
2619,-1.14221
2620,0.81657
2621,0.33103
2622,0.04936
2623,0.81439
2624,-0.30478
2625,-1.55661
2626,-0.09878
2627,0.79539
2628,-0.03022
2629,0.81411
2630,0.62223
2631,-1.31921
2632,-0.97456
2633,0.45260
2634,0.05512
2635,0.33773
2636,1.28571
2637,-0.45008
2638,-1.36160
2639,0.06840
2640,0.11562
2641,-0.12434
2642,1.25563
2643,0.53461
2644,-1.35953
2645,-0.51421
2646,0.12962
2647,-0.44697
2648,0.71333
2649,1.44495
2650,-0.59541
2651,-0.93491
2652,-0.03553
2653,-0.58707
2654,-0.02728
2655,1.49244
2656,0.42187
2657,-0.96885
2658,-0.09681
2659,-0.43673
2660,-0.79178
2661,1.09011
2662,1.22221
2663,-0.44932
2664,-0.31230
2665,-0.12063
2666,-1.10150
2667,0.21908
2668,1.55324
2669,0.10917
2670,-0.24050
2671,0.24642
2672,-1.05792
2673,-0.70828
2674,1.19694
2675,0.63251
2676,-0.21001
2677,0.51206
2678,-0.67956
2679,-1.47150
2680,0.56030
2681,0.93635
2682,-0.09645
2683,0.63957
2684,-0.01721
2685,-1.50240
2686,-0.27877
2687,0.96104
2688,0.18240
2689,0.50812
2690,0.65203
2691,-1.09898
2692,-1.09087
2693,0.57495
2694,0.13353
2695,0.33648
2696,1.33719
2697,-0.45135
2698,-1.40723
2699,0.08330
2700,-0.07267
2701,-0.02623
2702,1.37926
2703,0.47917
2704,-1.27974
2705,-0.30151
2706,-0.12784
2707,-0.51093
2708,1.07787
2709,1.12917
2710,-0.75729
2711,-0.53215
2712,-0.16470
2713,-0.95224
2714,0.38849
2715,1.53840
2716,-0.12485
2717,-0.45192
2718,0.09664
2719,-1.06330
2720,-0.32047
2721,1.50079
2722,0.46542
2723,-0.25617
2724,0.32810
2725,-0.94917
2726,-1.18668
2727,0.99559
2728,0.83690
2729,-0.06876
2730,0.48930
2731,-0.53181
2732,-1.46583
2733,0.23845
2734,0.70996
2735,0.05506
2736,0.85183
2737,0.24144
2738,-1.58577
2739,-0.42702
2740,0.66575
2741,-0.10852
2742,0.93098
2743,0.92003
2744,-1.22940
2745,-0.77741
2746,0.25731
2747,-0.43252
2748,0.63355
2749,1.44601
2750,-0.61632
2751,-0.92531
2752,-0.06267
2753,-0.74213
2754,0.18920
2755,1.60825
2756,0.15288
2757,-0.69998
2758,0.06306
2759,-0.83128
2760,-0.53785
2761,1.35970
2762,0.65330
2763,-0.36989
2764,0.21269
2765,-0.76312
2766,-1.14049
2767,0.92697
2768,0.81943
2769,-0.06122
2770,0.65697
2771,-0.54001
2772,-1.57587
2773,0.29884
2774,0.71540
2775,-0.01263
2776,0.89316
2777,0.07910
2778,-1.53149
2779,-0.14158
2780,0.40632
2781,-0.13519
2782,1.13288
2783,0.67381
2784,-1.17902
2785,-0.45884
2786,-0.03598
2787,-0.58792
2788,1.06860
2789,1.13999
2790,-0.80433
2791,-0.43756
2792,-0.19335
2793,-1.03179
2794,0.59052
2795,1.44889
2796,-0.32162
2797,-0.31199
2798,-0.07724
2799,-1.35110
2800,-0.01172
2801,1.40873
2802,0.13316
2803,0.18910
2804,0.18014
2805,-1.47204
2806,-0.57976
2807,1.00842
2808,0.10546
2809,0.50169
2810,0.81439
2811,-1.24528
2812,-0.96227
2813,0.51140
2814,-0.08584
2815,0.58355
2816,1.26205
2817,-0.75057
2818,-1.04590
2819,0.01186
2820,-0.58032
2821,0.35993
2822,1.53372
2823,-0.27541
2824,-0.72449
2825,-0.00950
2826,-0.97713
2827,-0.15275
2828,1.57327
2829,0.10416
2830,-0.21319
2831,0.15203
2832,-1.32260
2833,-0.46338
2834,1.30261
2835,0.32279
2836,0.16254
2837,0.41192
2838,-1.34314
2839,-0.98858
2840,0.81499
2841,0.10799
2842,0.41107
2843,0.97736
2844,-1.02738
2845,-0.97706
2846,0.20938
2847,-0.31475
2848,0.55111
2849,1.44327
2850,-0.62508
2851,-0.91341
2852,-0.07716
2853,-0.90074
2854,0.31328
2855,1.49327
2856,-0.09514
2857,-0.24919
2858,-0.07211
2859,-1.25470
2860,-0.18828
2861,1.39632
2862,0.09362
2863,0.18213
2864,0.22167
2865,-1.45875
2866,-0.44610
2867,0.98546
2868,-0.01873
2869,0.64105
2870,0.62831
2871,-1.31830
2872,-0.76384
2873,0.33768
2874,-0.22558
2875,0.89435
2876,1.00597
2877,-1.00099
2878,-0.61208
2879,-0.06014
2880,-0.77410
2881,0.94550
2882,1.25779
2883,-0.54390
2884,-0.12115
2885,-0.34659
2886,-1.27678
2887,0.68853
2888,1.01242
2889,-0.19494
2890,0.52861
2891,-0.36056
2892,-1.53937
2893,0.41318
2894,0.64632
2895,-0.04056
2896,1.13370
2897,-0.09908
2898,-1.50181
2899,0.15960
2900,-0.00492
2901,-0.01473
2902,1.47954
2903,0.22795
2904,-1.05805
2905,0.04907
2906,-0.66829
2907,-0.25854
2908,1.57127
2909,0.27078
2910,-0.43666
2911,0.09668
2912,-1.17408
2913,-0.62503
2914,1.24172
2915,0.23490
2916,0.21057
2917,0.60721
2918,-1.34289
2919,-0.76547
2920,0.69081
2921,0.09035
2922,0.76913
2923,0.92835
2924,-1.23734
2925,-0.62787
2926,0.02262
2927,-0.50356
2928,1.13120
2929,1.08347
2930,-0.81093
2931,-0.19988
2932,-0.41629
2933,-0.97038
2934,0.95096
2935,1.01658
2936,-0.35088
2937,0.39591
2938,-0.80538
2939,-1.42183
2940,0.65643
2941,0.60532
2942,0.18916
2943,0.98414
2944,-0.77088
2945,-1.30325
2946,0.39255
2947,-0.15029
2948,0.36153
2949,1.48202
2950,-0.57158
2951,-0.79417
2952,-0.10116
2953,-0.90656
2954,0.45712
2955,1.47349
2956,-0.21183
2957,-0.09753
2958,-0.27616
2959,-1.38065
2960,0.36783
2961,0.98578
2962,-0.05542
2963,0.82633
2964,-0.32148
2965,-1.52634
2966,0.24628
2967,0.29951
2968,0.14565
2969,1.37116
2970,-0.22564
2971,-1.09981
2972,0.03538
2973,-0.62855
2974,0.12608
2975,1.56046
2976,-0.11059
2977,-0.35897
2978,-0.00138
2979,-1.30759
2980,0.04587
2981,1.23226
2982,-0.04304
2983,0.56053
2984,-0.02420
2985,-1.64904
2986,0.01828
2987,0.61889
2988,0.07206
2989,1.26398
2990,0.03266
2991,-1.30811
2992,-0.00572
2993,-0.48883
2994,0.06009
2995,1.64129
2996,0.00994
2997,-0.45790
2998,0.06915
2999,-1.25626
3000,-0.01582
3001,1.38410
3002,-0.03679
3003,0.42748
3004,-0.06989
3005,-1.60719
3006,-0.02141
3007,0.50972
3008,-0.05381
3009,1.29475
3010,-0.03155
3011,-1.28527
3012,-0.07766
3013,-0.49277
3014,0.06095
3015,1.65750
3016,-0.02076
3017,-0.48001
3018,0.05106
3019,-1.36635
3020,0.06129
3021,1.17564
3022,0.00976
3023,0.65466
3024,-0.11801
3025,-1.64316
3026,0.10603
3027,0.44438
3028,0.08301
3029,1.44146
3030,-0.19511
3031,-1.14062
3032,0.08583
3033,-0.83364
3034,0.29192
3035,1.56432
3036,-0.19406
3037,-0.10954
3038,-0.14321
3039,-1.42229
3040,0.37022
3041,1.01869
3042,-0.04283
3043,0.94332
3044,-0.51738
3045,-1.34225
3046,0.32786
3047,-0.02665
3048,0.34850
3049,1.44990
3050,-0.59177
3051,-0.73791
3052,-0.02961
3053,-0.95666
3054,0.68866
3055,1.26383
3056,-0.27334
3057,0.25354
3058,-0.56736
3059,-1.43545
3060,0.77275
3061,0.51505
3062,0.22298
3063,1.06423
3064,-0.90275
3065,-0.96537
3066,0.23833
3067,-0.49830
3068,0.88119
3069,1.24775
3070,-0.75480
3071,-0.17656
3072,-0.51356
3073,-0.92512
3074,1.20252
3075,0.70689
3076,-0.08410
3077,0.59277
3078,-1.26839
3079,-0.84169
3080,0.69348
3081,-0.04931
3082,0.95602
3083,0.79549
3084,-1.30467
3085,-0.23235
3086,-0.29961
3087,-0.49781
3088,1.50126
3089,0.40376
3090,-0.50466
3091,0.15936
3092,-1.39439
3093,-0.36065
3094,1.17942
3095,0.03173
3096,0.72176
3097,0.16555
3098,-1.53845
3099,-0.03949
3100,0.11237
3101,-0.00198
3102,1.66032
3103,-0.12029
3104,-0.71275
3105,-0.02167
3106,-1.18826
3107,0.40646
3108,1.29778
3109,-0.13274
3110,0.50357
3111,-0.45522
3112,-1.49603
3113,0.45881
3114,0.28022
3115,0.35416
3116,1.29593
3117,-0.88653
3118,-0.85878
3119,-0.00850
3120,-0.83756
3121,1.06165
3122,1.11149
3123,-0.57830
3124,0.18044
3125,-0.94444
3126,-0.94849
3127,1.07288
3128,0.24107
3129,0.57592
3130,0.57537
3131,-1.35509
3132,-0.47142
3133,0.10701
3134,-0.23352
3135,1.48739
3136,0.37436
3137,-0.75653
3138,0.07940
3139,-1.27144
3140,-0.15188
3141,1.24104
3142,-0.08673
3143,0.65160
3144,-0.21171
3145,-1.56064
3146,0.19598
3147,0.10931
3148,0.22756
3149,1.47354
3150,-0.50604
3151,-0.64089
3152,-0.13301
3153,-1.04861
3154,0.91760
3155,1.02363
3156,-0.33226
3157,0.40731
3158,-0.97306
3159,-1.10306
3160,0.84061
3161,-0.00323
3162,0.84195
3163,0.77164
3164,-1.31014
3165,-0.32186
3166,-0.32645
3167,-0.42767
3168,1.49468
3169,0.19888
3170,-0.22312
3171,0.14084
3172,-1.45364
3173,0.05325
3174,0.94936
3175,0.11265
3176,1.09843
3177,-0.29004
3178,-1.27315
3179,0.15728
3180,-0.59583
3181,0.52865
3182,1.41971
3183,-0.47653
3184,-0.00791
3185,-0.57361
3186,-1.13827
3187,0.92516
3188,0.44679
3189,0.24643
3190,0.74992
3191,-1.29234
3192,-0.59963
3193,0.27803
3194,-0.30084
3195,1.41756
3196,0.42286
3197,-0.75960
3198,0.10539
3199,-1.14999
3200,0.00811
3201,1.22319
3202,-0.05184
3203,0.82460
3204,-0.28574
3205,-1.50679
3206,0.32691
3207,-0.29698
3208,0.55207
3209,1.38142
3210,-0.80838
3211,-0.22446
3212,-0.47757
3213,-0.94343
3214,1.08813
3215,0.48429
3216,0.11873
3217,0.50960
3218,-1.47420
3219,-0.44473
3220,0.40708
3221,-0.14137
3222,1.48210
3223,-0.00746
3224,-0.96209
3225,-0.04761
3226,-1.08495
3227,0.32477
3228,1.21497
3229,-0.14640
3230,0.62792
3231,-0.68811
3232,-1.17284
3233,0.53249
3234,-0.27598
3235,0.79964
3236,1.05690
3237,-1.10417
3238,-0.15415
3239,-0.67487
3240,-0.52520
3241,1.44102
3242,0.17184
3243,0.17284
3244,0.13144
3245,-1.67890
3246,0.09263
3247,0.23622
3248,0.17779
3249,1.46755
3250,-0.58027
3251,-0.66687
3252,-0.15567
3253,-1.05313
3254,1.02146
3255,0.75936
3256,-0.07868
3257,0.52593
3258,-1.32434
3259,-0.68390
3260,0.56971
3261,-0.21736
3262,1.40835
3263,0.19593
3264,-0.99588
3265,-0.04451
3266,-1.09211
3267,0.24889
3268,1.25077
3269,-0.18759
3270,0.56595
3271,-0.79653
3272,-1.27304
3273,0.49129
3274,-0.13538
3275,1.01980
3276,0.88330
3277,-1.04010
3278,-0.05914
3279,-0.87374
3280,-0.34912
3281,1.29642
3282,-0.02528
3283,0.43812
3284,-0.13111
3285,-1.55820
3286,0.26994
3287,-0.07906
3288,0.47302
3289,1.38693
3290,-0.75001
3291,-0.23107
3292,-0.62854
3293,-0.89201
3294,1.23886
3295,0.33935
3296,0.37365
3297,0.42524
3298,-1.65527
3299,-0.08349
3300,-0.01893
3301,0.02090
3302,1.70819
3303,-0.34018
3304,-0.27882
3305,-0.43649
3306,-1.23108
3307,1.01053
3308,0.51650
3309,0.19911
3310,0.79012
3311,-1.37521
3312,-0.41971
3313,-0.00843
3314,-0.29277
3315,1.59104
3316,0.00410
3317,-0.24777
3318,-0.11966
3319,-1.47810
3320,0.60137
3321,0.60446
3322,0.35859
3323,1.02199
3324,-1.05631
3325,-0.63789
3326,-0.09867
3327,-0.57570
3328,1.58340
3329,0.31337
3330,-0.22304
3331,0.06092
3332,-1.55375
3333,0.28144
3334,0.56206
3335,0.08096
3336,1.26986
3337,-0.78468
3338,-0.58638
3339,-0.20908
3340,-0.73367
3341,1.31206
3342,0.52240
3343,0.01325
3344,0.27295
3345,-1.55402
3346,-0.03632
3347,0.38807
3348,0.13269
3349,1.38246
3350,-0.63222
3351,-0.66837
3352,-0.34562
3353,-1.15054
3354,1.32033
3355,0.46058
3356,0.18323
3357,0.57124
3358,-1.46784
3359,-0.11758
3360,0.13503
3361,0.13015
3362,1.50230
3363,-0.29400
3364,-0.31528
3365,-0.43198
3366,-1.29196
3367,0.93050
3368,0.39026
3369,0.44490
3370,0.68184
3371,-1.46497
3372,-0.21476
3373,-0.18560
3374,0.03083
3375,1.59029
3376,-0.23552
3377,0.12240
3378,-0.53589
3379,-1.35801
3380,0.78761
3381,0.09384
3382,0.71880
3383,0.79145
3384,-1.14426
3385,-0.01623
3386,-0.65877
3387,-0.07009
3388,1.42035
3389,-0.23125
3390,0.46649
3391,-0.62865
3392,-1.31116
3393,0.45641
3394,-0.24524
3395,1.05807
3396,0.71821
3397,-0.89963
3398,-0.05182
3399,-1.21166
3400,-0.00589
3401,1.13467
3402,0.01410
3403,1.06736
3404,-0.71260
3405,-0.96763
3406,0.06061
3407,-0.55623
3408,1.30581
3409,0.64593
3410,-0.42748
3411,0.10852
3412,-1.59001
3413,0.13404
3414,0.58575
3415,0.24898
3416,1.36772
3417,-0.78229
3418,-0.49720
3419,-0.32058
3420,-0.72862
3421,1.38756
3422,0.23547
3423,0.20753
3424,0.01118
3425,-1.58910
3426,0.34223
3427,-0.10623
3428,0.55056
3429,1.34398
3430,-0.79989
3431,0.06732
3432,-0.97399
3433,-0.62209
3434,1.22286
3435,0.03873
3436,0.88699
3437,-0.19105
3438,-1.21931
3439,0.10318
3440,-0.72068
3441,0.95812
3442,0.88952
3443,-0.37663
3444,0.30874
3445,-1.44331
3446,-0.22623
3447,0.51550
3448,0.02700
3449,1.46498
3450,-0.60061
3451,-0.58932
3452,-0.45948
3453,-1.07599
3454,1.19738
3455,0.31447
3456,0.56750
3457,0.23037
3458,-1.53582
3459,0.12268
3460,-0.32508
3461,0.51362
3462,1.33236
3463,-0.56614
3464,0.23709
3465,-1.11307
3466,-0.62225
3467,0.88570
3468,-0.00161
3469,1.28716
3470,-0.21457
3471,-0.99094
3472,-0.16416
3473,-0.94694
3474,0.97637
3475,0.57366
3476,0.16340
3477,0.50746
3478,-1.62231
3479,-0.13798
3480,-0.08689
3481,0.33779
3482,1.53055
3483,-0.52029
3484,0.01147
3485,-0.78251
3486,-0.94112
3487,0.98351
3488,-0.04398
3489,1.14594
3490,-0.02465
3491,-1.03221
3492,0.03445
3493,-1.07778
3494,0.97806
3495,0.77772
3496,-0.06524
3497,0.46357
3498,-1.53219
3499,-0.18193
3500,-0.06291
3501,0.17270
3502,1.53609
3503,-0.56988
3504,-0.02084
3505,-0.79988
3506,-0.92063
3507,1.02616
3508,0.11247
3509,1.20199
3510,0.03727
3511,-1.00327
3512,-0.00914
3513,-0.98638
3514,0.97737
3515,0.62757
3516,0.08299
3517,0.51411
3518,-1.55397
3519,-0.06031
3520,-0.16474
3521,0.20065
3522,1.41806
3523,-0.52861
3524,0.04214
3525,-0.94415
3526,-0.75796
3527,0.89719
3528,-0.15918
3529,1.30599
3530,-0.17665
3531,-0.89255
3532,-0.11360
3533,-1.04911
3534,1.10859
3535,0.54926
3536,0.34175
3537,0.42807
3538,-1.52851
3539,-0.04994
3540,-0.40986
3541,0.52856
3542,1.31781
3543,-0.51677
3544,0.32082
3545,-1.24436
3546,-0.41425
3547,0.68079
3548,0.00894
3549,1.40635
3550,-0.52216
3551,-0.50092
3552,-0.42763
3553,-1.03248
3554,1.28919
3555,0.12572
3556,0.79441
3557,-0.07990
3558,-1.47080
3559,0.04504
3560,-0.72679
3561,1.08808
3562,0.78691
3563,-0.21618
3564,0.29576
3565,-1.55597
3566,0.09828
3567,0.08153
3568,0.39830
3569,1.40724
3570,-0.82304
3571,-0.02408
3572,-1.03188
3573,-0.40658
3574,1.02210
3575,-0.03383
3576,1.25298
3577,-0.56435
3578,-0.69524
3579,-0.25833
3580,-0.74754
3581,1.51335
3582,0.29293
3583,0.43012
3584,-0.14914
3585,-1.38169
3586,0.35010
3587,-0.39448
3588,1.24552
3589,0.65400
3590,-0.46072
3591,0.06183
3592,-1.59496
3593,0.32663
3594,0.28053
3595,0.55521
3596,1.05469
3597,-1.04611
3598,-0.04094
3599,-1.13300
3600,-0.03742
3601,1.00296
3602,0.07026
3603,1.07444
3604,-1.08061
3605,-0.51555
3606,-0.30205
3607,-0.29307
3608,1.59855
3609,-0.08196
3610,0.53614
3611,-0.74985
3612,-1.12639
3613,0.31220
3614,-0.31981
3615,1.43049
3616,0.12978
3617,-0.31907
3618,-0.32055
3619,-1.40878
3620,0.82802
3621,0.09051
3622,1.03224
3623,0.40538
3624,-1.07385
3625,0.04876
3626,-1.25356
3627,0.80890
3628,0.62324
3629,0.35753
3630,0.64825
3631,-1.44577
3632,-0.11024
3633,-0.63361
3634,0.49741
3635,1.28506
3636,-0.22475
3637,0.60984
3638,-1.39123
3639,-0.24866
3640,0.03524
3641,0.18372
3642,1.47469
3643,-0.56620
3644,0.12807
3645,-1.08697
3646,-0.68744
3647,0.78579
3648,0.03442
3649,1.40101
3650,-0.47720
3651,-0.37751
3652,-0.58928
3653,-0.87563
3654,1.20220
3655,0.05149
3656,1.04691
3657,-0.35324
3658,-1.00735
3659,-0.07769
3660,-0.72016
3661,1.36613
3662,0.25974
3663,0.39218
3664,-0.30027
3665,-1.37139
3666,0.23860
3667,-0.46116
3668,1.28151
3669,0.46226
3670,-0.23113
3671,0.06349
3672,-1.50250
3673,0.46823
3674,-0.04162
3675,1.03843
3676,0.70580
3677,-0.77609
3678,0.10032
3679,-1.41131
3680,0.50973
3681,0.43473
3682,0.52109
3683,0.80147
3684,-1.22489
3685,-0.01792
3686,-1.06416
3687,0.49239
3688,1.02999
3689,0.16417
3690,0.63682
3691,-1.41452
3692,-0.07616
3693,-0.49507
3694,0.30212
3695,1.27849
3696,-0.24581
3697,0.55671
3698,-1.45677
3699,-0.19747
3700,-0.04785
3701,0.27344
3702,1.54878
3703,-0.52546
3704,0.25236
3705,-1.31527
3706,-0.29003
3707,0.56286
3708,0.10804
3709,1.43103
3710,-0.71188
3711,-0.06211
3712,-1.02411
3713,-0.41635
3714,0.99834
3715,0.05983
3716,1.28092
3717,-0.96032
3718,-0.41570
3719,-0.72086
3720,-0.40472
3721,1.28758
3722,-0.05833
3723,0.98503
3724,-1.00942
3725,-0.55898
3726,-0.22372
3727,-0.26358
3728,1.56723
3729,-0.10565
3730,0.62767
3731,-0.99680
3732,-0.83156
3733,0.13491
3734,-0.20917
3735,1.56109
3736,-0.28960
3737,0.16510
3738,-0.85997
3739,-0.88551
3740,0.67565
3741,-0.25823
3742,1.57161
3743,-0.39933
3744,-0.08102
3745,-0.78220
3746,-0.84563
3747,0.80728
3748,-0.04138
3749,1.42193
3750,-0.64622
3751,-0.38254
3752,-0.66696
3753,-0.70695
3754,1.19543
3755,0.02381
3756,1.20054
3757,-0.66499
3758,-0.62971
3759,-0.50395
3760,-0.58889
3761,1.43374
3762,0.02123
3763,0.87765
3764,-0.88272
3765,-0.68456
3766,-0.10589
3767,-0.33968
3768,1.53429
3769,-0.16142
3770,0.58527
3771,-1.00292
3772,-0.71388
3773,0.12213
3774,-0.19818
3775,1.50947
3776,-0.38431
3777,0.43120
3778,-1.02310
3779,-0.56919
3780,0.40824
3781,0.00661
3782,1.52987
3783,-0.49938
3784,0.15194
3785,-1.04670
3786,-0.46751
3787,0.58981
3788,0.08580
3789,1.40095
3790,-0.77044
3791,-0.03272
3792,-1.05722
3793,-0.24137
3794,0.80799
3795,0.23072
3796,1.33929
3797,-0.99264
3798,-0.07238
3799,-1.00056
3800,0.03621
3801,1.07944
3802,0.20903
3803,0.96545
3804,-1.23871
3805,-0.16781
3806,-0.84187
3807,0.33853
3808,1.02971
3809,0.01854
3810,0.72827
3811,-1.42092
3812,-0.00750
3813,-0.67837
3814,0.66136
3815,0.98662
3816,-0.08387
3817,0.52744
3818,-1.54924
3819,0.01585
3820,-0.53062
3821,0.96021
3822,0.78726
3823,-0.17799
3824,0.24401
3825,-1.58743
3826,0.28360
3827,-0.29891
3828,1.05145
3829,0.57483
3830,-0.21842
3831,-0.09391
3832,-1.58191
3833,0.50123
3834,-0.25481
3835,1.28754
3836,0.16066
3837,-0.25959
3838,-0.12737
3839,-1.35144
3840,0.78409
3841,-0.16411
3842,1.39633
3843,-0.17706
3844,-0.33192
3845,-0.55680
3846,-1.07984
3847,0.96398
3848,-0.03892
3849,1.33367
3850,-0.60376
3851,-0.39218
3852,-0.77868
3853,-0.59250
3854,1.06518
3855,0.10131
3856,1.30324
3857,-0.99072
3858,-0.26845
3859,-0.84374
3860,-0.14589
3861,0.99237
3862,0.09828
3863,1.06138
3864,-1.19849
3865,-0.14646
3866,-0.91975
3867,0.40923
3868,0.85291
3869,0.20110
3870,0.61264
3871,-1.44255
3872,-0.08775
3873,-1.04688
3874,0.87888
3875,0.66082
3876,0.32549
3877,0.16789
3878,-1.49145
3879,0.15605
3880,-0.82996
3881,1.31028
3882,0.42582
3883,0.34699
3884,-0.27756
3885,-1.24295
3886,0.26667
3887,-0.58909
3888,1.59198
3889,-0.08960
3890,0.43580
3891,-0.81178
3892,-0.82533
3893,0.08313
3894,-0.20505
3895,1.53191
3896,-0.30655
3897,0.58848
3898,-1.34189
3899,-0.28382
3900,0.02479
3901,0.40520
3902,1.23589
3903,-0.47993
3904,0.28127
3905,-1.48933
3906,0.02805
3907,-0.11153
3908,0.84313
3909,0.86885
3910,-0.49492
3911,0.02646
3912,-1.51684
3913,0.56353
3914,-0.27223
3915,1.31682
3916,0.17450
3917,-0.15937
3918,-0.56172
3919,-1.12203
3920,0.74230
3921,-0.24174
3922,1.55304
3923,-0.39760
3924,0.01459
3925,-0.98689
3926,-0.64284
3927,0.68573
3928,0.10778
3929,1.35572
3930,-0.82122
3931,0.09053
3932,-1.32836
3933,0.12960
3934,0.43304
3935,0.67051
3936,0.86704
3937,-0.96456
3938,-0.12678
3939,-1.49056
3940,0.76050
3941,0.11965
3942,1.07523
3943,0.23353
3944,-0.73313
3945,-0.31233
3946,-1.16194
3947,1.02599
3948,-0.00350
3949,1.37493
3950,-0.51952
3951,-0.31445
3952,-0.97508
3953,-0.50285
3954,0.92129
3955,0.12599
3956,1.25795
3957,-1.05167
3958,0.03052
3959,-1.25144
3960,0.45302
3961,0.55400
3962,0.63715
3963,0.58652
3964,-1.05223
3965,-0.03347
3966,-1.23819
3967,0.97362
3968,0.13124
3969,1.07602
3970,-0.21346
3971,-0.69248
3972,-0.42307
3973,-0.74844
3974,1.18478
3975,-0.00928
3976,1.16757
3977,-0.99221
3978,-0.20015
3979,-1.00281
3980,0.10704
3981,0.80414
3982,0.41580
3983,0.82987
3984,-1.28645
3985,-0.04146
3986,-1.18237
3987,0.91342
3988,0.22743
3989,0.97249
3990,0.03405
3991,-0.88002
3992,-0.30653
3993,-0.82095
3994,1.21787
3995,-0.01451
3996,1.25992
3997,-0.90921
3998,-0.27333
3999,-0.87665
